SET @OLD_UNIQUE_CHECKS=@@UNIQUE_CHECKS, UNIQUE_CHECKS=0;
SET @OLD_FOREIGN_KEY_CHECKS=@@FOREIGN_KEY_CHECKS, FOREIGN_KEY_CHECKS=0;
SET @OLD_SQL_MODE=@@SQL_MODE, SQL_MODE='TRADITIONAL,ALLOW_INVALID_DATES';

USE `daonators`;

TRUNCATE TABLE `daonators`.`auth_adm`;
TRUNCATE TABLE `daonators`.`campaing`;
TRUNCATE TABLE `daonators`.`campaing_organization`;
TRUNCATE TABLE `daonators`.`donation`;
TRUNCATE TABLE `daonators`.`organization`;
TRUNCATE TABLE `daonators`.`user_wallet`;
TRUNCATE TABLE `daonators`.`vote`;
TRUNCATE TABLE `daonators`.`voting`;
TRUNCATE TABLE `daonators`.`voting_type`;
TRUNCATE TABLE `daonators`.`wallet`;

LOCK TABLES `daonators`.`auth_adm` WRITE;

INSERT INTO `daonators`.`auth_adm`
(`idAuthAdmPk`,`name`,`email`,`password`)
VALUES
(1,'Internal Solutions Officer','test@test.com',SHA2(SHA2('tester', 256), 256)),
(2,'Direct Branding Producer','Letitia.OReilly@hotmail.com',SHA2(SHA2('tester', 256), 256)),
(3,'Direct Identity Representative','Fatima.Stroman@yahoo.com',SHA2(SHA2('tester', 256), 256)),
(4,'Chief Creative Executive','Ramona.Funk69@hotmail.com',SHA2(SHA2('tester', 256), 256)),
(5,'Lead Functionality Consultant','Luigi_Marks10@hotmail.com',SHA2(SHA2('tester', 256), 256)),
(6,'Legacy Assurance Agent','Bradly_Stanton@hotmail.com',SHA2(SHA2('tester', 256), 256)),
(7,'Investor Functionality Consultant','Zella_Wunsch58@gmail.com',SHA2(SHA2('tester', 256), 256)),
(8,'Customer Brand Engineer','Kari_Johnston27@gmail.com',SHA2(SHA2('tester', 256), 256)),
(9,'International Applications Designer','Theresa_Schamberger55@yahoo.com',SHA2(SHA2('tester', 256), 256)),
(10,'Forward Communications Representative','Gilbert_Hickle40@yahoo.com',SHA2(SHA2('tester', 256), 256)),
(11,'Dynamic Solutions Producer','Lloyd26@gmail.com',SHA2(SHA2('tester', 256), 256)),
(12,'Central Response Executive','Guiseppe10@gmail.com',SHA2(SHA2('tester', 256), 256)),
(13,'Dynamic Marketing Officer','Gwendolyn54@gmail.com',SHA2(SHA2('tester', 256), 256)),
(14,'Investor Accounts Coordinator','Rahsaan91@gmail.com',SHA2(SHA2('tester', 256), 256)),
(15,'Principal Identity Representative','Adriana.Hessel70@yahoo.com',SHA2(SHA2('tester', 256), 256)),
(16,'Chief Implementation Developer','Odie_Bahringer90@hotmail.com',SHA2(SHA2('tester', 256), 256)),
(17,'Legacy Quality Orchestrator','Trycia_Halvorson31@yahoo.com',SHA2(SHA2('tester', 256), 256)),
(18,'Senior Group Manager','Brenda58@yahoo.com',SHA2(SHA2('tester', 256), 256)),
(19,'Central Accountability Director','Tianna_Hahn@yahoo.com',SHA2(SHA2('tester', 256), 256)),
(20,'National Creative Specialist','Buck38@yahoo.com',SHA2(SHA2('tester', 256), 256)),
(21,'Product Infrastructure Associate','Felicia.DuBuque@gmail.com',SHA2(SHA2('tester', 256), 256)),
(22,'Internal Security Officer','Gardner_Swaniawski41@gmail.com',SHA2(SHA2('tester', 256), 256)),
(23,'National Paradigm Strategist','Gene45@yahoo.com',SHA2(SHA2('tester', 256), 256)),
(24,'Internal Group Planner','Rahsaan_Gutmann78@yahoo.com',SHA2(SHA2('tester', 256), 256)),
(25,'Forward Integration Administrator','Carlos.Fadel36@yahoo.com',SHA2(SHA2('tester', 256), 256)),
(26,'Dynamic Group Developer','Garett_Swift37@yahoo.com',SHA2(SHA2('tester', 256), 256)),
(27,'Customer Web Officer','Oleta_Romaguera@yahoo.com',SHA2(SHA2('tester', 256), 256)),
(28,'Central Metrics Representative','Armani.Graham@hotmail.com',SHA2(SHA2('tester', 256), 256)),
(29,'International Configuration Engineer','Sheila.Hessel@gmail.com',SHA2(SHA2('tester', 256), 256)),
(30,'Central Metrics Coordinator','Candido74@hotmail.com',SHA2(SHA2('tester', 256), 256)),
(31,'Customer Integration Technician','Magnolia.Hoppe@hotmail.com',SHA2(SHA2('tester', 256), 256)),
(32,'Direct Branding Engineer','Ervin_Schaefer26@gmail.com',SHA2(SHA2('tester', 256), 256)),
(33,'District Security Producer','Amanda.Casper91@hotmail.com',SHA2(SHA2('tester', 256), 256)),
(34,'Legacy Response Engineer','Martin70@yahoo.com',SHA2(SHA2('tester', 256), 256)),
(35,'Global Brand Consultant','Nicolas3@gmail.com',SHA2(SHA2('tester', 256), 256)),
(36,'Dynamic Quality Administrator','Heidi.Kub1@yahoo.com',SHA2(SHA2('tester', 256), 256)),
(37,'Investor Group Engineer','Oren.Boyer66@hotmail.com',SHA2(SHA2('tester', 256), 256)),
(38,'Future Assurance Consultant','Francis.Goldner17@gmail.com',SHA2(SHA2('tester', 256), 256)),
(39,'Future Accounts Consultant','Mike_Dibbert99@gmail.com',SHA2(SHA2('tester', 256), 256)),
(40,'Principal Usability Executive','Joanie59@hotmail.com',SHA2(SHA2('tester', 256), 256)),
(41,'Chief Accounts Developer','Sienna.Breitenberg@hotmail.com',SHA2(SHA2('tester', 256), 256)),
(42,'Direct Optimization Architect','Jeffry_Gibson89@hotmail.com',SHA2(SHA2('tester', 256), 256)),
(43,'Dynamic Configuration Consultant','Forest_Wyman18@gmail.com',SHA2(SHA2('tester', 256), 256)),
(44,'Regional Web Planner','Randi_Crist@hotmail.com',SHA2(SHA2('tester', 256), 256)),
(45,'Human Quality Analyst','Joannie16@yahoo.com',SHA2(SHA2('tester', 256), 256)),
(46,'Internal Operations Strategist','Karina.Pfeffer28@gmail.com',SHA2(SHA2('tester', 256), 256)),
(47,'Legacy Group Representative','Floyd37@hotmail.com',SHA2(SHA2('tester', 256), 256)),
(48,'Investor Applications Agent','Rebeca_Shanahan99@gmail.com',SHA2(SHA2('tester', 256), 256)),
(49,'National Solutions Designer','Madelynn99@gmail.com',SHA2(SHA2('tester', 256), 256)),
(50,'Corporate Accounts Producer','Emmitt.Bartoletti@yahoo.com',SHA2(SHA2('tester', 256), 256));

UNLOCK TABLES;

LOCK TABLES `daonators`.`campaing` WRITE;

INSERT INTO `daonators`.`campaing`
(`idCampaingPk`,`name`,`socialCause`,`beginDate`,`endDate`)
VALUES
(1,'Internal Quality Administrator','Adipisci qui corrupti maiores modi vitae et.','2022-03-18 22:18:45.297','2022-02-10 21:32:03.419'),
(2,'Chief Data Executive','Voluptates qui omnis vel.','2022-08-01 19:55:47.277','2022-01-04 09:17:18.585'),
(3,'Dynamic Response Planner','Quidem aperiam quidem veniam aut ab.','2022-07-04 14:23:36.863','2022-04-26 11:58:21.408'),
(4,'Senior Communications Supervisor','Nesciunt repellat perferendis voluptatibus nemo nesciunt.','2022-05-19 13:59:09.498','2022-04-10 11:58:27.267'),
(5,'District Accountability Strategist','Consequatur harum soluta pariatur.','2022-08-23 19:14:05.031','2022-07-06 05:04:19.140'),
(6,'Corporate Program Administrator','Illum quasi consequatur aut est qui aperiam et.','2022-08-19 01:01:25.149','2022-07-04 13:44:32.396'),
(7,'Direct Functionality Developer','Reiciendis est eos et eius veniam soluta fugit voluptate et.','2022-03-28 08:50:38.630','2022-01-06 23:22:16.992'),
(8,'Senior Assurance Orchestrator','Hic iure nihil adipisci.','2022-07-23 23:15:38.850','2021-12-25 10:39:14.859'),
(9,'Corporate Accounts Specialist','Aut aut est nihil similique mollitia.','2022-10-20 09:50:21.665','2022-09-27 01:52:24.059'),
(10,'Corporate Accounts Facilitator','Sapiente saepe ex labore sed voluptatem enim.','2022-10-27 16:05:59.097','2022-10-31 00:03:44.994'),
(11,'Investor Branding Analyst','Voluptatibus dolorem quam aliquam.','2022-07-29 20:10:25.103','2022-07-18 01:44:44.749'),
(12,'Human Interactions Officer','Similique earum qui quasi et explicabo ut.','2021-11-20 21:29:20.467','2021-11-20 22:41:52.564'),
(13,'Chief Metrics Director','In temporibus totam magnam.','2022-03-29 14:31:34.739','2022-02-22 10:49:39.097'),
(14,'International Optimization Orchestrator','Ut quis pariatur quos voluptas tempore.','2022-01-06 14:28:51.456','2021-11-22 12:17:20.324'),
(15,'Corporate Research Officer','Esse laudantium eligendi.','2022-04-16 06:43:51.797','2022-04-09 00:22:14.567'),
(16,'Regional Tactics Planner','Aut aut nostrum dolore adipisci et quam suscipit.','2022-08-23 04:34:05.894','2022-08-25 12:09:47.974'),
(17,'Forward Communications Facilitator','Distinctio nesciunt dicta commodi alias omnis harum asperiores.','2022-03-19 02:26:36.285','2022-01-06 10:11:27.760'),
(18,'Dynamic Infrastructure Orchestrator','Aliquid iste quis.','2022-10-14 19:35:49.649','2022-10-22 02:13:29.957'),
(19,'District Tactics Coordinator','Quisquam ad cupiditate omnis fugit accusamus nam nam.','2022-06-22 17:20:52.544','2021-11-27 04:36:41.764'),
(20,'Chief Intranet Architect','Et repellendus optio.','2021-12-17 00:19:32.428','2021-12-10 16:01:19.667'),
(21,'Investor Program Specialist','Quam quibusdam dicta molestiae occaecati praesentium quia.','2022-11-03 22:14:24.634','2022-09-22 06:58:53.752'),
(22,'Product Response Facilitator','Temporibus sed ut quibusdam ducimus est animi harum illo.','2022-04-15 02:10:51.671','2021-12-02 20:11:12.998'),
(23,'Investor Applications Facilitator','Adipisci necessitatibus et rem deleniti molestiae sed sit corrupti ullam.','2022-07-03 03:28:32.890','2022-05-18 13:34:33.372'),
(24,'Product Division Administrator','Hic aut alias.','2022-10-24 14:09:09.539','2022-02-19 14:29:48.167'),
(25,'Customer Web Facilitator','Repellat mollitia quos repellat sint repellendus.','2021-12-26 04:04:31.066','2022-05-21 02:39:49.680'),
(26,'Dynamic Implementation Planner','Velit et tempora quia reprehenderit.','2021-12-12 07:36:24.127','2022-01-26 09:44:15.050'),
(27,'Forward Paradigm Liaison','Iure quo blanditiis.','2022-04-04 17:55:32.953','2022-06-25 20:48:01.451'),
(28,'Senior Communications Engineer','Iusto voluptatem sunt dolorum.','2022-05-03 04:29:49.523','2022-02-18 01:56:32.913'),
(29,'Direct Program Administrator','In dignissimos velit.','2022-03-20 03:25:46.159','2022-06-06 15:04:12.882'),
(30,'Regional Infrastructure Director','Ullam aspernatur mollitia possimus expedita.','2021-12-07 21:12:45.343','2022-02-07 16:21:34.342'),
(31,'Internal Operations Designer','Cum laborum necessitatibus aspernatur rem aspernatur.','2022-09-21 10:15:25.084','2022-04-20 15:18:37.128'),
(32,'Central Implementation Liaison','Quia ducimus unde quidem fuga et.','2022-02-06 13:26:57.527','2022-02-27 02:33:50.073'),
(33,'Dynamic Marketing Specialist','Non rerum enim sapiente quis modi id nemo animi est.','2022-09-21 09:02:36.542','2022-07-09 00:15:07.348'),
(34,'National Operations Officer','Dolore quia quos enim quidem et.','2022-08-28 16:14:40.002','2022-08-30 09:14:46.268'),
(35,'Principal Creative Facilitator','Aut excepturi et et itaque rerum sequi modi eaque.','2022-05-08 08:05:22.015','2022-03-27 02:15:15.227'),
(36,'Internal Directives Engineer','Dolorem et quae eum velit eveniet cupiditate alias excepturi.','2022-02-04 22:16:36.674','2022-09-11 09:43:31.901'),
(37,'District Metrics Technician','Est perspiciatis provident eos quasi nulla.','2022-10-13 21:15:20.487','2022-08-09 18:59:31.992'),
(38,'National Branding Officer','Totam voluptate corporis vero accusantium nulla ut doloremque.','2022-07-15 08:43:02.954','2022-05-08 22:21:53.346'),
(39,'Senior Division Agent','Qui aut eos aut sapiente debitis incidunt minus eveniet sed.','2022-06-26 18:02:03.292','2022-06-02 09:20:04.359'),
(40,'Global Paradigm Director','Repellendus nemo assumenda ipsa.','2021-11-18 09:46:26.889','2022-03-05 11:06:29.337'),
(41,'Dynamic Optimization Supervisor','Totam ut nihil.','2022-01-24 14:13:23.789','2022-02-17 10:34:34.952'),
(42,'Dynamic Optimization Facilitator','Nemo tenetur placeat dolorem vel cupiditate enim at sed.','2022-02-25 19:32:37.645','2022-05-22 16:39:30.495'),
(43,'Customer Solutions Facilitator','Natus saepe est repellat numquam.','2022-02-26 22:21:57.197','2021-12-08 09:00:54.132'),
(44,'Direct Operations Analyst','Earum provident qui praesentium cum.','2022-01-09 03:27:55.312','2022-06-01 10:59:51.715'),
(45,'Regional Research Administrator','Sed et ipsam.','2022-04-14 05:13:55.002','2022-03-24 02:03:52.668'),
(46,'Central Applications Executive','Quis impedit nam quod enim.','2022-01-02 21:26:47.216','2022-02-16 05:28:04.002'),
(47,'Customer Response Designer','Nulla quasi nemo nam est et facere aut.','2022-03-14 19:22:44.471','2022-08-01 07:36:23.257'),
(48,'Customer Marketing Producer','Dolorum ut vitae enim nisi voluptatem qui et ut voluptatem.','2022-02-09 13:22:09.847','2021-12-31 03:18:52.445'),
(49,'Human Identity Representative','Debitis recusandae dignissimos non.','2022-05-30 11:26:35.402','2021-11-15 09:36:19.325'),
(50,'National Factors Analyst','Recusandae sed velit recusandae.','2022-01-27 10:40:45.973','2022-10-22 10:16:30.598');

UNLOCK TABLES;

LOCK TABLES `daonators`.`campaing_organization` WRITE;

INSERT INTO `daonators`.`campaing_organization`
(`idOrganizationPk`,`idCampaingPk`)
VALUES
(1,1),
(2,2),
(3,3),
(4,4),
(5,5),
(6,6),
(7,7),
(8,8),
(9,9),
(10,10),
(11,11),
(12,12),
(13,13),
(14,14),
(15,15),
(16,16),
(17,17),
(18,18),
(19,19),
(20,20),
(21,21),
(22,22),
(23,23),
(24,24),
(25,25),
(26,26),
(27,27),
(28,28),
(29,29),
(30,30),
(31,31),
(32,32),
(33,33),
(34,34),
(35,35),
(36,36),
(37,37),
(38,38),
(39,39),
(40,40),
(41,41),
(42,42),
(43,43),
(44,44),
(45,45),
(46,46),
(47,47),
(48,48),
(49,49),
(50,50);

UNLOCK TABLES;

LOCK TABLES `daonators`.`donation` WRITE;

INSERT INTO `daonators`.`donation`
(`idDonationPk`,`idCampaingFk`,`idOrganizationFk`,`gasAmount`,`transactionHash`)
VALUES
(1,1,1,190.523,'labore fugiat cupiditate'),
(2,2,2,514.712,'in repellat et'),
(3,3,3,405.702,'quibusdam autem beatae'),
(4,4,4,767.293,'non voluptatem nulla'),
(5,5,5,834.15,'non aut amet'),
(6,6,6,98.468,'neque pariatur qui'),
(7,7,7,629.612,'asperiores porro repellat'),
(8,8,8,976.18,'nulla sed et'),
(9,9,9,689.305,'debitis quis odio'),
(10,10,10,397.457,'in aut eos'),
(11,11,11,502.872,'eius accusantium aut'),
(12,12,12,883.752,'libero a laborum'),
(13,13,13,314.595,'asperiores aut est'),
(14,14,14,319.422,'assumenda hic aliquid'),
(15,15,15,11.574,'natus exercitationem laborum'),
(16,16,16,394.990,'qui beatae id'),
(17,17,17,230.432,'nihil et quo'),
(18,18,18,314.320,'quis deserunt facere'),
(19,19,19,715.938,'autem soluta deserunt'),
(20,20,20,744.932,'nam dolorem sit'),
(21,21,21,750.392,'aut pariatur molestiae'),
(22,22,22,695.132,'tenetur est eaque'),
(23,23,23,241.689,'praesentium quisquam dicta'),
(24,24,24,641.815,'delectus qui omnis'),
(25,25,25,291.245,'iusto ipsam fugit'),
(26,26,26,874.693,'beatae ut voluptatem'),
(27,27,27,120.471,'quo sit possimus'),
(28,28,28,887.118,'aut soluta enim'),
(29,29,29,816.663,'aut magnam illo'),
(30,30,30,565.285,'quidem sed eaque'),
(31,31,31,168.432,'quod est quia'),
(32,32,32,665.139,'quo occaecati voluptatem'),
(33,33,33,38.736,'autem illum fugiat'),
(34,34,34,961.56,'id accusamus non'),
(35,35,35,603.658,'voluptas sapiente rem'),
(36,36,36,857.723,'accusamus quam autem'),
(37,37,37,553.487,'quo suscipit et'),
(38,38,38,999.876,'sed et aut'),
(39,39,39,494.758,'sit vel voluptatum'),
(40,40,40,277.573,'itaque accusantium et'),
(41,41,41,678.712,'enim numquam est'),
(42,42,42,380.142,'sint dicta soluta'),
(43,43,43,944.439,'dicta dolorem repudiandae'),
(44,44,44,282.375,'sit sint deserunt'),
(45,45,45,280.64,'saepe odio facilis'),
(46,46,46,17.429,'id maxime laboriosam'),
(47,47,47,890.273,'nostrum hic repellat'),
(48,48,48,982.573,'voluptatum vero expedita'),
(49,49,49,783.839,'in eos autem'),
(50,50,50,550.229,'modi animi possimus');

UNLOCK TABLES;

LOCK TABLES `daonators`.`organization` WRITE;

INSERT INTO `daonators`.`organization`
(`idOrganizationPk`,`name`,`scriptHash`,`active`)
VALUES
(1,'Forward Quality Associate','atque',1),
(2,'Future Research Orchestrator','quisquam',1),
(3,'National Group Orchestrator','iure',1),
(4,'International Tactics Assistant','et',1),
(5,'International Directives Agent','ad',1),
(6,'Customer Division Manager','distinctio',1),
(7,'Corporate Integration Analyst','magnam',1),
(8,'Regional Identity Strategist','eius',1),
(9,'Future Functionality Executive','placeat',1),
(10,'Global Assurance Coordinator','rerum',1),
(11,'Lead Usability Manager','nemo',1),
(12,'Future Tactics Planner','dolor',1),
(13,'Lead Integration Specialist','animi',1),
(14,'Principal Identity Planner','ut',1),
(15,'Direct Group Manager','voluptatibus',1),
(16,'Legacy Security Agent','error',1),
(17,'Global Factors Director','alias',1),
(18,'Senior Solutions Supervisor','et',1),
(19,'Dynamic Web Coordinator','reiciendis',1),
(20,'National Branding Engineer','magnam',1),
(21,'Global Configuration Developer','voluptatem',1),
(22,'Central Applications Officer','soluta',1),
(23,'Senior Operations Liaison','rerum',1),
(24,'Human Infrastructure Planner','possimus',1),
(25,'International Intranet Supervisor','ut',1),
(26,'Product Branding Designer','ut',1),
(27,'Principal Accountability Planner','debitis',1),
(28,'Regional Directives Orchestrator','dolor',1),
(29,'Regional Integration Architect','ipsa',1),
(30,'Legacy Integration Administrator','minus',1),
(31,'Customer Directives Administrator','recusandae',1),
(32,'Senior Interactions Associate','vero',1),
(33,'Customer Infrastructure Developer','perferendis',1),
(34,'Dynamic Intranet Agent','non',1),
(35,'Corporate Response Specialist','veritatis',1),
(36,'Investor Brand Director','omnis',1),
(37,'Dynamic Web Specialist','quia',1),
(38,'Principal Usability Producer','ipsa',1),
(39,'Future Response Architect','quia',1),
(40,'Global Solutions Assistant','eum',1),
(41,'Senior Intranet Coordinator','iste',1),
(42,'National Communications Director','quia',1),
(43,'Global Program Specialist','ut',1),
(44,'Global Applications Consultant','et',1),
(45,'Central Security Producer','optio',1),
(46,'Regional Operations Producer','occaecati',1),
(47,'National Infrastructure Facilitator','aut',1),
(48,'Future Infrastructure Architect','eius',1),
(49,'National Data Liaison','cum',1),
(50,'District Interactions Orchestrator','eum',1);

UNLOCK TABLES;

LOCK TABLES `daonators`.`user_wallet` WRITE;

INSERT INTO `daonators`.`user_wallet`
(`idUserWalletPk`,`walletAddress`)
VALUES
(1,'accusamus'),
(2,'harum'),
(3,'saepe'),
(4,'quaerat'),
(5,'ex'),
(6,'pariatur'),
(7,'et'),
(8,'ea'),
(9,'exercitationem'),
(10,'et'),
(11,'ex'),
(12,'consequuntur'),
(13,'eligendi'),
(14,'qui'),
(15,'reiciendis'),
(16,'hic'),
(17,'at'),
(18,'aliquam'),
(19,'commodi'),
(20,'praesentium'),
(21,'dignissimos'),
(22,'vitae'),
(23,'odit'),
(24,'quod'),
(25,'reprehenderit'),
(26,'aliquid'),
(27,'incidunt'),
(28,'qui'),
(29,'praesentium'),
(30,'temporibus'),
(31,'et'),
(32,'quia'),
(33,'exercitationem'),
(34,'vitae'),
(35,'dolores'),
(36,'quisquam'),
(37,'incidunt'),
(38,'voluptatem'),
(39,'consequuntur'),
(40,'qui'),
(41,'dignissimos'),
(42,'enim'),
(43,'dolores'),
(44,'voluptatum'),
(45,'qui'),
(46,'minus'),
(47,'modi'),
(48,'blanditiis'),
(49,'et'),
(50,'consequatur');

UNLOCK TABLES;

LOCK TABLES `daonators`.`vote` WRITE;

INSERT INTO `daonators`.`vote`
(`idVotingFk`,`idUserWalletFk`,`tokenAmount`)
VALUES
(1,1,658.230),
(2,2,395.638),
(3,3,64.885),
(4,4,874.647),
(5,5,954.549),
(6,6,750.517),
(7,7,18.151),
(8,8,914.108),
(9,9,121.972),
(10,10,79.164),
(11,11,777.176),
(12,12,270.281),
(13,13,27.670),
(14,14,385.281),
(15,15,910.286),
(16,16,231.799),
(17,17,693.138),
(18,18,581.864),
(19,19,121.67),
(20,20,801.0),
(21,21,320.870),
(22,22,594.687),
(23,23,443.55),
(24,24,238.310),
(25,25,128.724),
(26,26,988.133),
(27,27,571.86),
(28,28,476.637),
(29,29,958.591),
(30,30,971.923),
(31,31,450.831),
(32,32,236.634),
(33,33,489.512),
(34,34,420.840),
(35,35,872.783),
(36,36,32.37),
(37,37,127.634),
(38,38,954.83),
(39,39,296.897),
(40,40,168.494),
(41,41,17.546),
(42,42,621.78),
(43,43,854.520),
(44,44,323.84),
(45,45,6.491),
(46,46,101.350),
(47,47,370.575),
(48,48,872.525),
(49,49,656.24),
(50,50,665.93);

UNLOCK TABLES;

LOCK TABLES `daonators`.`voting` WRITE;

INSERT INTO `daonators`.`voting`
(`idVotingPk`,`idOrganizationfk`,`idCampaingFk`,`idVotingTypeFk`)
VALUES
(1,1,1,1),
(2,2,10,41),
(3,3,50,29),
(4,4,15,11),
(5,5,39,34),
(6,6,22,48),
(7,7,7,11),
(8,8,47,29),
(9,9,26,38),
(10,10,25,50),
(11,11,41,24),
(12,12,14,38),
(13,13,40,14),
(14,14,49,27),
(15,15,32,19),
(16,16,7,26),
(17,17,1,41),
(18,18,29,3),
(19,19,1,44),
(20,20,25,49),
(21,21,12,45),
(22,22,15,6),
(23,23,32,38),
(24,24,20,39),
(25,25,20,38),
(26,26,41,35),
(27,27,18,47),
(28,28,46,29),
(29,29,43,7),
(30,30,12,38),
(31,31,1,3),
(32,32,45,8),
(33,33,23,41),
(34,34,8,18),
(35,35,17,43),
(36,36,39,50),
(37,37,26,20),
(38,38,8,18),
(39,39,8,2),
(40,40,22,3),
(41,41,18,18),
(42,42,22,34),
(43,43,35,26),
(44,44,25,7),
(45,45,39,16),
(46,46,35,4),
(47,47,15,19),
(48,48,24,17),
(49,49,40,1),
(50,50,37,29);

UNLOCK TABLES;

LOCK TABLES `daonators`.`voting_type` WRITE;

INSERT INTO `daonators`.`voting_type`
(`idVotingTypePk`,`name`,`active`)
VALUES
(1,'Senior Configuration Representative',1),
(2,'Regional Solutions Director',1),
(3,'Investor Functionality Agent',1),
(4,'International Tactics Representative',1),
(5,'Future Web Architect',1),
(6,'Human Markets Liaison',1),
(7,'Human Tactics Supervisor',1),
(8,'Chief Metrics Administrator',1),
(9,'Human Integration Orchestrator',1),
(10,'Regional Configuration Developer',1),
(11,'International Metrics Strategist',1),
(12,'Central Program Facilitator',1),
(13,'Forward Communications Consultant',1),
(14,'Corporate Configuration Director',1),
(15,'Chief Factors Assistant',1),
(16,'Customer Data Coordinator',1),
(17,'Future Infrastructure Engineer',1),
(18,'National Paradigm Representative',1),
(19,'Legacy Identity Strategist',1),
(20,'National Data Designer',1),
(21,'Corporate Branding Assistant',1),
(22,'Global Response Representative',1),
(23,'Central Functionality Consultant',1),
(24,'National Usability Officer',1),
(25,'Global Data Coordinator',1),
(26,'Future Metrics Representative',1),
(27,'Legacy Brand Designer',1),
(28,'National Assurance Supervisor',1),
(29,'Principal Implementation Orchestrator',1),
(30,'Central Accounts Coordinator',1),
(31,'Legacy Marketing Administrator',1),
(32,'Customer Functionality Analyst',1),
(33,'Human Markets Planner',1),
(34,'Central Factors Liaison',1),
(35,'Legacy Communications Engineer',1),
(36,'District Web Specialist',1),
(37,'District Identity Administrator',1),
(38,'Legacy Factors Consultant',1),
(39,'Dynamic Mobility Analyst',1),
(40,'Human Usability Assistant',1),
(41,'Forward Integration Representative',1),
(42,'Future Brand Facilitator',1),
(43,'Principal Factors Officer',1),
(44,'Product Interactions Representative',1),
(45,'Senior Infrastructure Engineer',1),
(46,'Customer Intranet Strategist',1),
(47,'Lead Communications Specialist',1),
(48,'Future Infrastructure Designer',1),
(49,'Senior Optimization Technician',1),
(50,'Human Metrics Analyst',1);

UNLOCK TABLES;

LOCK TABLES `daonators`.`wallet` WRITE;

INSERT INTO `daonators`.`wallet`
(`idWalletPk`,`wallet`)
VALUES
(1,'repellat'),
(2,'impedit'),
(3,'quae'),
(4,'autem'),
(5,'corrupti'),
(6,'eum'),
(7,'optio'),
(8,'et'),
(9,'reprehenderit'),
(10,'explicabo'),
(11,'mollitia'),
(12,'eum'),
(13,'et'),
(14,'velit'),
(15,'voluptatibus'),
(16,'dolore'),
(17,'illo'),
(18,'non'),
(19,'accusantium'),
(20,'doloribus'),
(21,'ullam'),
(22,'dolores'),
(23,'voluptatibus'),
(24,'porro'),
(25,'quasi'),
(26,'recusandae'),
(27,'ut'),
(28,'itaque'),
(29,'consequatur'),
(30,'ut'),
(31,'dolorum'),
(32,'maiores'),
(33,'aut'),
(34,'nobis'),
(35,'eligendi'),
(36,'aut'),
(37,'itaque'),
(38,'at'),
(39,'accusantium'),
(40,'magni'),
(41,'libero'),
(42,'consequatur'),
(43,'sunt'),
(44,'exercitationem'),
(45,'esse'),
(46,'debitis'),
(47,'nihil'),
(48,'et'),
(49,'sit'),
(50,'distinctio');

UNLOCK TABLES;

SET SQL_MODE=@OLD_SQL_MODE;
SET FOREIGN_KEY_CHECKS=@OLD_FOREIGN_KEY_CHECKS;
SET UNIQUE_CHECKS=@OLD_UNIQUE_CHECKS;

